<?xml version="1.0" encoding="UTF-8"?>
<beans xmlns="http://www.springframework.org/schema/beans"
       xmlns:xsi="http://www.w3.org/2001/XMLSchema-instance"
       xmlns:context="http://www.springframework.org/schema/context"
       xmlns:tx="http://www.springframework.org/schema/tx"
       xmlns:jpa="http://www.springframework.org/schema/data/jpa"
       xmlns:cache="http://www.springframework.org/schema/cache"
       xsi:schemaLocation="http://www.springframework.org/schema/cache http://www.springframework.org/schema/cache/spring-cache.xsd
                           http://www.springframework.org/schema/beans http://www.springframework.org/schema/beans/spring-beans-3.2.xsd
                           http://www.springframework.org/schema/context http://www.springframework.org/schema/context/spring-context-3.2.xsd
                           http://www.springframework.org/schema/tx http://www.springframework.org/schema/tx/spring-tx-3.2.xsd
                           http://www.springframework.org/schema/data/jpa http://www.springframework.org/schema/data/jpa/spring-jpa.xsd"
       default-lazy-init="true">

    <description>Spring公共配置</description>

    <!-- 使用annotation 自动注册bean, 并保证@Required、@Autowired的属性被注入 -->
    <context:component-scan base-package="com.palm.epalm.modules.*.service">
        <context:exclude-filter type="annotation" expression="org.springframework.stereotype.Controller"/>
        <context:exclude-filter type="annotation" expression="org.springframework.web.bind.annotation.ControllerAdvice"/>
    </context:component-scan>


    <!-- Jpa Entity Manager 配置 -->
    <bean id="entityManagerFactory" class="org.springframework.orm.jpa.LocalContainerEntityManagerFactoryBean">
        <property name="dataSource" ref="dataSource"/>
        <property name="jpaVendorAdapter" ref="hibernateJpaVendorAdapter"/>
        <property name="packagesToScan" value="com.palm.epalm.modules.*.entity"/>
        <property name="jpaProperties">
            <props>
                <!-- 命名规则 My_NAME->MyName -->
                <prop key="hibernate.ejb.naming_strategy">org.hibernate.cfg.ImprovedNamingStrategy</prop>
                <prop key="hibernate.hbm2ddl.auto">update</prop>
                <prop key="hibernate.show_sql">true</prop>
                <prop key="hibernate.format_sql">false</prop>
                <prop key="hibernate.use_sql_comments">false</prop>
                <prop key="hibernate.dialect">${dialect}</prop>
                <prop key="hibernate.cache.region.factory_class">
                    net.sf.ehcache.hibernate.EhCacheRegionFactory
                </prop>
                <prop key="hibernate.max_fetch_depth">3</prop>
                <prop key="hibernate.cache.region.factory_class">org.hibernate.cache.ehcache.EhCacheRegionFactory</prop>
                <prop key="hibernate.cache.provider_configuration">/ehcache/ehcache-hibernate-local.xml</prop>
                <prop key="hibernate.cache.use_second_level_cache">true</prop>
                <prop key="hibernate.cache.use_query_cache">true</prop>
                <prop key="hibernate.cache.use_structured_entries">true</prop>
            </props>
        </property>
    </bean>

    <!--开启方法缓存-->
    <cache:annotation-driven/>
    <bean id="cacheManager" class="org.springframework.cache.ehcache.EhCacheCacheManager">
        <property name="cacheManager" ref="ehcache"/>
    </bean>
    <bean id="ehcache" class="org.springframework.cache.ehcache.EhCacheManagerFactoryBean">
        <property name="configLocation" value="classpath:ehcache/ehcache.xml"/>
        <property name="shared" value="true"/>
    </bean>


    <bean id="hibernateJpaVendorAdapter" class="org.springframework.orm.jpa.vendor.HibernateJpaVendorAdapter">
        <property name="databasePlatform" value="${dialect}"/>
    </bean>

    <!-- Spring Data Jpa配置 -->
    <jpa:repositories base-package="com.palm.epalm.modules.*.repository"
                      factory-class="com.palm.epalm.base.repository.DefaultRepositoryFactoryBean"
                      transaction-manager-ref="transactionManager"
                      repository-impl-postfix="Impl"
                      entity-manager-factory-ref="entityManagerFactory" />

    <!-- Jpa 事务配置 -->
    <bean id="transactionManager" class="com.palm.epalm.base.repository.RWSTransactionManager">
        <property name="entityManagerFactory" ref="entityManagerFactory"/>
    </bean>
    <!--
    <bean id="transactionManager" class="org.springframework.orm.jpa.JpaTransactionManager">
        <property name="entityManagerFactory" ref="entityManagerFactory"/>
    </bean>
-->
    <!-- 使用annotation定义事务 -->
    <tx:annotation-driven transaction-manager="transactionManager"/>

    <!-- JSR303 Validator定义 -->
    <bean id="validator" class="org.springframework.validation.beanvalidation.LocalValidatorFactoryBean"/>

    <!-- production环境 -->
    <!-- <beans profile="production"> -->
    <context:property-placeholder ignore-unresolvable="true"
                                  location="classpath*:/application.*.properties"/>

    <!-- 数据源配置, 使用DBCP数据库连接池-->
    <bean id="dataSourceRWS" class="com.palm.epalm.base.repository.RWSDataSource">
        <property name="readDateSource" ref="dataSource_read"/>
        <property name="writeDateSource" ref="dataSource_write"/>
    </bean>
    <bean id="dataSource" class="org.apache.commons.dbcp.BasicDataSource" destroy-method="close">
        <property name="driverClassName" value="${jdbc.driver}"/>
        <property name="url" value="${jdbc.url}"/>
        <property name="username" value="${jdbc.username}"/>
        <property name="password" value="${jdbc.password}"/>
        <property name="maxActive" value="${dbcp.maxActive}"/>
        <property name="maxIdle" value="${dbcp.maxIdle}"/>
        <property name="defaultAutoCommit" value="false"/>
        <property name="timeBetweenEvictionRunsMillis" value="3600000"/>
        <property name="minEvictableIdleTimeMillis" value="3600000"/>
    </bean>

    <!-- 数据源配置, 使用DBCP数据库连接池 -->
    <bean id="dataSource_write" class="org.apache.commons.dbcp.BasicDataSource" destroy-method="close">
        <!-- Connection Info -->
        <property name="driverClassName" value="${jdbc.driver}"/>
        <property name="url" value="${jdbc.url}"/>
        <property name="username" value="${jdbc.username}"/>
        <property name="password" value="${jdbc.password}"/>

        <!-- Connection Pooling Info -->
        <property name="maxActive" value="${dbcp.maxActive}"/>
        <property name="maxIdle" value="${dbcp.maxIdle}"/>
        <property name="defaultAutoCommit" value="false"/>

        <!-- 连接Idle一个小时后超时 -->
        <property name="timeBetweenEvictionRunsMillis" value="3600000"/>
        <property name="minEvictableIdleTimeMillis" value="3600000"/>
    </bean>

    <bean id="dataSource_read" class="org.apache.commons.dbcp.BasicDataSource" destroy-method="close">
        <!-- Connection Info -->
        <property name="driverClassName" value="${jdbc.driver}"/>
        <property name="url" value="${jdbc.url}"/>
        <property name="username" value="${jdbc.username}"/>
        <property name="password" value="${jdbc.password}"/>

        <!-- Connection Pooling Info -->
        <property name="maxActive" value="${dbcp.maxActive}"/>
        <property name="maxIdle" value="${dbcp.maxIdle}"/>
        <property name="defaultAutoCommit" value="false"/>

        <!-- 连接Idle一个小时后超时 -->
        <property name="timeBetweenEvictionRunsMillis" value="3600000"/>
        <property name="minEvictableIdleTimeMillis" value="3600000"/>
    </bean>

    <import resource="classpath*:applicationContext-*.xml"/>
    <!-- 国际化信息 -->
    <bean id="messageSource" class="org.springframework.context.support.ReloadableResourceBundleMessageSource">
        <property name="basename" value="classpath:messages"/>
    </bean>
    <bean class="org.springframework.web.servlet.i18n.AcceptHeaderLocaleResolver"/>
    <bean class="org.springframework.web.servlet.i18n.SessionLocaleResolver"/>
</beans>