<?xml version="1.0" encoding="UTF-8"?>
<web-fragment xmlns="http://java.sun.com/xml/ns/javaee"
              xmlns:xsi="http://www.w3.org/2001/XMLSchema-instance" version="3.0"
              xsi:schemaLocation="http://java.sun.com/xml/ns/javaee
        http://java.sun.com/xml/ns/javaee/web-fragment_3_0.xsd"
              metadata-complete="true">
    <display-name>epalm</display-name>
    <context-param>
        <param-name>contextConfigLocation</param-name>
        <param-value>
            classpath:applicationContext.xml
        </param-value>
    </context-param>
     <listener>
         <listener-class>org.springframework.web.context.ContextLoaderListener</listener-class>
     </listener>
    <filter>
        <filter-name>encodingFilter</filter-name>
        <filter-class>org.springframework.web.filter.CharacterEncodingFilter</filter-class>
       <async-supported>true</async-supported>
        <init-param>
            <param-name>encoding</param-name>
            <param-value>UTF-8</param-value>
        </init-param>
        <init-param>
            <param-name>forceEncoding</param-name>
            <param-value>true</param-value>
        </init-param>
    </filter>
    <filter-mapping>
        <filter-name>encodingFilter</filter-name>
        <url-pattern>/*</url-pattern>
    </filter-mapping>
    <filter>
        <filter-name>openEntityManagerInViewFilter</filter-name>
        <filter-class>org.springframework.orm.jpa.support.OpenEntityManagerInViewFilter</filter-class>
        <async-supported>true</async-supported>
    </filter>
    <filter-mapping>
        <filter-name>openEntityManagerInViewFilter</filter-name>
        <url-pattern>/*</url-pattern>
    </filter-mapping>
    <filter>
        <filter-name>springSecurityFilterChain</filter-name>
        <filter-class>org.springframework.web.filter.DelegatingFilterProxy</filter-class>
        <async-supported>true</async-supported>
    </filter>
    <filter-mapping>
        <filter-name>springSecurityFilterChain</filter-name>
        <url-pattern>/*</url-pattern>
    </filter-mapping>
    <filter>
        <filter-name>sitemeshFilter</filter-name>
        <filter-class>com.palm.epalm.base.web.filter.SiteMeshFilter</filter-class>
        <async-supported>true</async-supported>
    </filter>
    <filter-mapping>
        <filter-name>sitemeshFilter</filter-name>
        <url-pattern>/*</url-pattern>
    </filter-mapping>



    <servlet>
        <servlet-name>application</servlet-name>
        <servlet-class>com.palm.epalm.base.web.ApplicationServlet</servlet-class>
        <init-param>
            <param-name>contextConfigLocation</param-name>
            <param-value>classpath:spring-mvc.xml</param-value>
        </init-param>
        <async-supported>true</async-supported>
    </servlet>
    <servlet-mapping>
        <servlet-name>application</servlet-name>
        <url-pattern>/</url-pattern>
    </servlet-mapping>
    <welcome-file-list>
        <welcome-file>index</welcome-file>
    </welcome-file-list>
</web-fragment>